{"cameraMode":{"drawMode":0,"name":"Shaded","section":"Shading Mode"},"sceneLighting":true,"audioPlay":false,"sceneViewState":{"m_AlwaysRefresh":false,"showFog":true,"showSkybox":true,"showFlares":true,"showImageEffects":true,"showParticleSystems":true,"showVisualEffectGraphs":true,"m_FxEnabled":true},"in2DMode":false,"pivot":{"x":11.334856986999512,"y":14.231744766235352,"z":10.59494400024414},"rotation":{"x":-0.23545540869235993,"y":0.6768892407417297,"z":-0.24394731223583222,"w":-0.6533516049385071},"size":159.2777099609375,"orthographic":true}