{"cameraMode":{"drawMode":0,"name":"Shaded","section":"Shading Mode"},"sceneLighting":true,"audioPlay":false,"sceneViewState":{"m_AlwaysRefresh":false,"showFog":true,"showSkybox":true,"showFlares":true,"showImageEffects":true,"showParticleSystems":true,"showVisualEffectGraphs":true,"m_FxEnabled":true},"in2DMode":false,"pivot":{"x":11.674468040466309,"y":13.934221267700196,"z":-6.351947784423828},"rotation":{"x":0.08883002400398255,"y":-0.8801119923591614,"z":0.18207494914531709,"w":0.42938151955604555},"size":72.32723236083985,"orthographic":true}